{"cameraMode":{"drawMode":0,"name":"Shaded","section":"Shading Mode"},"sceneLighting":true,"audioPlay":false,"sceneViewState":{"showFog":false,"showMaterialUpdate":false,"showSkybox":false,"showFlares":false,"showImageEffects":false,"showParticleSystems":false},"in2DMode":false,"pivot":{"x":0.40614259243011477,"y":0.28040996193885805,"z":0.6746483445167542},"rotation":{"x":-0.27389514446258547,"y":-0.23999500274658204,"z":0.07078397274017334,"w":-0.9286417961120606},"size":3.8816943168640138,"orthographic":false}