{"cameraMode":{"drawMode":0,"name":"Shaded","section":"Shading Mode"},"sceneLighting":true,"audioPlay":false,"sceneViewState":{"showFog":false,"showMaterialUpdate":false,"showSkybox":false,"showFlares":false,"showImageEffects":false,"showParticleSystems":false},"in2DMode":false,"pivot":{"x":-0.5726568698883057,"y":1.3656330108642579,"z":6.7873663902282719},"rotation":{"x":-0.30408427119255068,"y":0.10177524387836456,"z":-0.03267741575837135,"w":-0.9466454386711121},"size":18.153045654296876,"orthographic":false}