{"cameraMode":{"drawMode":0,"name":"Shaded","section":"Shading Mode"},"sceneLighting":true,"audioPlay":false,"sceneViewState":{"showFog":false,"showMaterialUpdate":false,"showSkybox":false,"showFlares":false,"showImageEffects":false,"showParticleSystems":false},"in2DMode":false,"pivot":{"x":4.139251232147217,"y":0.9108890295028687,"z":9.489299774169922},"rotation":{"x":0.00530284596607089,"y":-0.35313552618026736,"z":-0.002061306033283472,"w":-0.9355921745300293},"size":6.029303550720215,"orthographic":false}