{"cameraMode":{"drawMode":0,"name":"Shaded","section":"Shading Mode"},"sceneLighting":true,"audioPlay":false,"sceneViewState":{"showFog":false,"showMaterialUpdate":false,"showSkybox":false,"showFlares":false,"showImageEffects":false,"showParticleSystems":false},"in2DMode":false,"pivot":{"x":4.995586395263672,"y":0.8980791568756104,"z":-0.5947074294090271},"rotation":{"x":0.0019080890342593194,"y":-0.7050079107284546,"z":-0.0018948988290503622,"w":-0.7092333436012268},"size":3.217081308364868,"orthographic":false}