{"cameraMode":{"drawMode":0,"name":"Shaded","section":"Shading Mode"},"sceneLighting":false,"audioPlay":false,"sceneViewState":{"showFog":false,"showMaterialUpdate":false,"showSkybox":false,"showFlares":false,"showImageEffects":false,"showParticleSystems":false},"in2DMode":false,"pivot":{"x":0.0,"y":-0.004999999888241291,"z":-0.0009999996982514859},"rotation":{"x":0.03568171709775925,"y":-0.00839990098029375,"z":-0.00027857895474880934,"w":-0.9993445873260498},"size":0.09204576164484024,"orthographic":false}