{"cameraMode":{"drawMode":0,"name":"Shaded","section":"Shading Mode"},"sceneLighting":true,"audioPlay":false,"sceneViewState":{"showFog":false,"showMaterialUpdate":false,"showSkybox":false,"showFlares":false,"showImageEffects":false,"showParticleSystems":false},"in2DMode":false,"pivot":{"x":4.139251232147217,"y":0.9108890295028687,"z":9.489299774169922},"rotation":{"x":0.028599604964256288,"y":-0.2660566568374634,"z":-0.00795625988394022,"w":-0.9635363221168518},"size":6.929304122924805,"orthographic":false}